sample_id,encounter_probability
000543f069f2648e,0.42914356
000854e3e9ad895c,0.28426659
00160995093baccf,0.82485624
00187cc812301f49,0.53264935
0054a2b18e385c5f,0.78524676
008c6f1f93bb89ae,0.16180384
009268a298771e25,0.48493533
00a662d1128e87e5,0.58043827
00b71a879de323cf,0.57614866
010375504ce57767,0.83286922
0125b0525c24aeac,0.49651319
01260e8b1b930962,0.24450760
0175d9df9bdc7bf4,0.33253712
01a55595f748bbb2,0.70858770
01acbaa545c8f532,0.27202509
01bc02f34ba6aa54,0.49816033
01bcd0e4c30ed4d0,0.47973810
01bd564bad66a54d,0.72658935
01c88227d4e8e4cc,0.23247509
01d09f0b5f97cd96,0.65623098
01e45145fd664b3b,0.40193033
01ece00bfef322b1,0.81223205
0209ffb2fa43fd86,0.19337294
0229f0a0185dd442,0.47918202
0257a35b9743f95c,0.52462460
025925bc3b3cc67d,0.33463257
029aa2f029632867,0.77253154
02a2b5e3f9ebcd7e,0.46099129
02b268147c8e51cf,0.33404597
02e824b5992acd52,0.80025593
02fd8e0a4d88dafc,0.25484462
03452aa8fd56e0a4,0.27897556
03499834d6cca28d,0.21176804
0352e678e17022aa,0.84732437
036aca1ca96cf1b3,0.27662221
037cf8812649a12f,0.23932537
038be92051a62e4d,0.67874553
0395bf9cdbc5fbfa,0.69260974
0396e7744f944bca,0.30420748
03aae0372950fea5,0.44073597
03b2dabed1ab14a8,0.17715017
03fb97d0a925728a,0.36179850
04556df0b75d7e98,0.68197902
046cc0656a6a8a7b,0.37420406
047700062f07d148,0.57103756
0497d7b38e2eebac,0.38379068
0498af81a12c3995,0.16531879
04d435a97b41a7f1,0.79304212
04d979619632951c,0.35303226
04fdfea274b68eb8,0.38620755
050a09d8be78d9ae,0.18340447
0510abf59c235c20,0.50111417
0511a104fa2ee873,0.64020710
0515b5c2b04fc906,0.64281127
05252dc68ea3a5af,0.53468132
052c685d846ee21b,0.66342483
0536b4298e06bd1c,0.41384452
05440d525afd98ca,0.60651178
0545602ba3a44c8f,0.61790061
054a4e3dd9ab56fe,0.52068533
054bfbeb89ce13c2,0.78639619
05de25d28baa544e,0.72220106
05f21635d3ef543c,0.41690053
0611b3d5b4359406,0.50540171
0620d25d4e65e197,0.49775769
064b2e5765980554,0.34350514
069cea1eb84b2a12,0.30839736
06cf252a8d74cae5,0.71277696
070388e78ca855ae,0.69082642
0745fb67d9a9a331,0.33952442
0746305cc0c6cfc9,0.22301965
074ae49121a2b831,0.16385109
0754b87d635ae4e9,0.16616239
0755552ec53ba94d,0.41483075
075bc3b472054e3c,0.29866059
07685dea965433c4,0.16368746
077bf2d9a72652ee,0.79901865
078c408f11d0ff82,0.40578440
078fc0ac1d97d8bc,0.47476111
07c3a0bddb02c427,0.29901677
08367a1cd4abbecc,0.24249819
08400fcb9b03fbd3,0.32212550
0857bfe3902c2d36,0.46227726
08bf2627d6221b54,0.39402144
08d2e75f3e1c5143,0.28641754
08df39ed5de49c33,0.17982824
0900007988332021,0.57241538
0906f9df0be2376e,0.49921035
09168e05d1bd2c7f,0.70171177
0922464b9629458b,0.83135891
09275c0610776b48,0.74808111
093bd69f06a53ca0,0.24779076
0952ef0e212a14d5,0.15753330
0965012c95a555ad,0.54189293
09a10f0b01ff99e1,0.29242561
09a7b8beaea32c96,0.68773985
09e93ce27d71edf9,0.82777163
0a3a7b68ec919351,0.31182657
0a3b342d38e43987,0.43869223
0a4616a58b9ce3ca,0.54161826
0a7c5e53ed5d4d37,0.57555528
0abced56700686a1,0.81848654
0b50ada5752ffb02,0.20608326
0bb02601bbb390fd,0.42189469
0bce34ac42ff4d80,0.76432091
0bd612b1d0bec810,0.37095647
0c338856b46d508e,0.59670628
0c623073bf33092a,0.44579259
0c93a4487ee94168,0.17441351
0cccafd491343345,0.84981516
0cdb7b0f56102878,0.17552004
0ceddba50e2e7370,0.76731161
0d1c6e67c2c9dacc,0.20626128
0d27b03e3fcd256d,0.74173800
0d6660a494eef4ff,0.23866558
0d9ff52c285efb47,0.82551934
0dd3b1124c0b79c0,0.23883712
0dfc3a41fb916bdd,0.26469584
0dff947dae0d1edc,0.54749471
0e0ab048f0a9bddd,0.37889039
0e6351e2d0c4afa2,0.54095199
0e8a45fbfdee19dc,0.70677258
0ec64ad4ab77e7a8,0.49247993
0ee58a634319e022,0.72728455
0f0216956619a5a3,0.79036068
0f0783431086c065,0.47802516
0f22e95d6fcdf711,0.20150027
0f9dd0ab88a47a30,0.47656697
0fcb666a580983e2,0.18976551
10253bdee55f5fdb,0.60644845
10707fea40ac3090,0.70356220
10960833c75a8206,0.41986432
10a9fe9a3e9a8925,0.45958549
10ed8791075ac8b4,0.77948133
110595f2d93eac43,0.21631816
114db52f763650cc,0.76130853
1178a659e4298697,0.77317715
117e24baca830009,0.72359881
1191bb49e65b4dce,0.39983114
11afc1602951f9bc,0.84504185
11b4c868d3cb443c,0.83884577
121a3c399eeb5912,0.24303926
122e913cb5c12ddd,0.22048148
1233177c0a7f3ca4,0.18471203
124aca2414946666,0.72617914
125c265829218bd6,0.23516629
1287e3b06f2b7b58,0.50731712
12892a2a843d0a36,0.53102261
12e3634ca24d8528,0.22018412
131e1b96a62d2a5f,0.30561055
13414367b18eab62,0.62953126
1385c694c8a09795,0.72275153
138f5e5f4fd287a1,0.30868485
13a14b41c768058d,0.24636543
140b66d408d68690,0.77978284
1419a4d4f4d4ba78,0.60456652
142c2093f8741c74,0.15750250
143856971bbcde84,0.59444151
143f4ed61d3e1e14,0.34456994
1458aaac2ebed955,0.49530341
146ddf1ace251514,0.79024669
147eb4c9c59e462b,0.32712415
14c695a883b89dde,0.15351171
154e4f224d2c44e4,0.28615671
1560e07e8610228d,0.55768725
157a9a4ac40f88af,0.50940912
159b32a97d8c9dc8,0.77522946
15a2d8ca4e601b1a,0.51926790
15b29b4692d1310c,0.47455279
15b3d761fd60b9f1,0.34237668
15c90dcb6f969b74,0.78596673
15c90e8a7a5e3cf8,0.24792965
15e4e908f86ae74f,0.55241159
15e6fb2ab3afdad0,0.73761075
15f10b1f5e9246a1,0.26622255
15fa18785b7ee412,0.48439428
160faaee2b1bf219,0.74280429
1625eb7255d609bc,0.52754325
164c154056c7cc5e,0.27302022
165b4324f09e01df,0.69007298
16b404d77117ece8,0.24719167
16cff654ab5d9018,0.66285544
16d07f8091223e5b,0.24457574
16f1183587859b48,0.69152752
1726d03e8f212e02,0.15086986
174b8537ee79fa43,0.80508061
17c042308cfe8ccc,0.59390837
17ff5e6d7d57fb0e,0.63706370
180bebd2bab0d297,0.66094080
182d5c9777bd6e09,0.76113357
1858331188cc0399,0.25009858
18657f5ab13863f9,0.20088398
1884a6c5001c1432,0.35871519
18ba729d6755f6cc,0.75446250
19014eecb684772a,0.69394524
1925e11d1d9605f0,0.27166182
19273e35dd470e3b,0.45156702
192f35d21139802b,0.48213404
1965c772763ea3de,0.66761286
197c80876a345c07,0.46277512
19aa619ec1eac4ce,0.52420317
19bcd933732da1d5,0.57316895
19c6c424554e681c,0.56244931
19d7c384fa343cbb,0.77395209
19d8295948af3a0b,0.60896905
19edda4f4bad1038,0.81406483
1a446b1d7ee3128a,0.33892372
1a5ac8ec8d7a39ed,0.59166793
1a721d977a708a54,0.25477561
1a9aafce7a05ce96,0.17079275
1a9fc6c1e8e7c9e6,0.42326324
1acb1eff7eb58e42,0.52546852
1b1992828df8ddcf,0.22525592
1b6f0128d4a630ef,0.44739337
1b86bf8ef15f3cb4,0.51621520
1b98496325e32f6a,0.54447549
1b9daf51d22a2d9a,0.57809720
1bb2ab5c7d00d3f8,0.60706774
1bb7a87dda110c28,0.61781107
1bbbab04e461c64d,0.69736688
1bcb9b57b1a40117,0.55811415
1bf488f56f8ed737,0.48455891
1bfb5c26f123d807,0.32988138
1c4f8f6ddfdbd062,0.40877542
1cab3a82b0a56413,0.29567419
1ce28ac3ff42ef5f,0.43712062
1ce9e4d1ce988892,0.41246222
1d4f8c9760d7943b,0.33171060
1d5bea1143df2bc6,0.20634854
1d9cfdefe9bd972f,0.55370624
1d9f94a464493ccf,0.23158657
1db5727a4a323c31,0.29074987
1ddb790576a90a59,0.16636270
1e022e6523aaca76,0.67262069
1e05a8b11b5d0e82,0.19951323
1e226f3c785ee975,0.57663475
1e37ae501880dbf0,0.60128439
1e72f18a57b0ce97,0.40671528
1e98891998a52e17,0.16522605
1eb51ddbc6b6f901,0.84207806
1edb626b65a95fc0,0.46581441
1f4077dc3e602410,0.58340973
1f47fe0d7d032f09,0.20504758
1fbbd2a29b3161ee,0.36909574
1ff826789a1bff69,0.47297176
1ffe2318d73f54da,0.67623953
20097950572557ef,0.46494913
2044e5a7fc36217e,0.75941096
2062e742bafc9565,0.77002467
206ed092fce4f35c,0.16246540
207981ff4580ac8b,0.52350446
209870e7365ec8df,0.46058583
20a43132517104da,0.40567374
20c86dcd344fc897,0.70663950
20dd3365e0b50300,0.34107737
20e1bb6e57f0f182,0.19840865
20f215f60493d389,0.80184207
213f50fde0ce4aba,0.45059039
216fb033dd56c2eb,0.46066239
21e4c0c502b52e37,0.28212322
21e5476e972ed2a4,0.37808706
22138721949a9726,0.28497284
2214285038bf9876,0.38303948
2222dd0c28726ac1,0.60914668
2251dde2c810b777,0.73344559
2253fae77cf1350f,0.35296160
22593daaa054a405,0.48043749
22be57ed3121a9a2,0.47461440
22d050d41628ba51,0.63844019
23261e0478c9f8fd,0.38962548
2370c1c735239786,0.48756383
237971db9f5201db,0.34451040
23a07524af72e37d,0.45921090
23ef7ce8b7bcbcfc,0.61614364
23fb81b2f7df526e,0.50926237
2417880107321419,0.44423305
2418048388357195,0.78033547
242256973e8aff72,0.28547049
24251378f1a2ab6e,0.82060395
242e94d7cc58fa1c,0.30089375
2434a2146f63063d,0.21274221
2450f12e713048f0,0.74386995
24642623f3c654e7,0.37131897
24756a6c4d790dcd,0.16719310
2478a01d845d41ba,0.66430328
248cf8139abff281,0.50110183
24c3522203935f66,0.71053247
25260d0dc78ed70b,0.61753211
25417e6a89946450,0.79666007
25434180f28007f8,0.47471910
255292bfff2ee7f5,0.64669402
2597264de9287647,0.60224543
25d008ca59f2191f,0.17599806
25d7b1fd871b80c8,0.37059023
2652c69c00265ede,0.22962975
269a5d990c8a4391,0.60626145
26a46733e902ee16,0.60914958
26ac82f834dacb56,0.22434860
26c57198e58ffd17,0.73293812
271562eebea0bb6e,0.67534208
273d53bdc5c778e6,0.32893015
274cb6fe9509a21d,0.73365002
27780e09cace3402,0.75860162
27c234b49c8b5724,0.58180581
27cae20daca94741,0.46493034
27ce4d5a162edd14,0.49668532
27d7ccb199c2a9eb,0.33031789
27f6755ba9ee8e51,0.33482299
280370fd8ac57d93,0.23623396
2822cb329d0be91c,0.47532170
283b40829be4d26f,0.83336178
284a739945db1f76,0.79232735
28a5f2ffe05ab688,0.46300041
29003e38aa5615ce,0.69652872
2913015b2fd503a9,0.64061787
2925186899c9941a,0.31759716
2925ef590512c668,0.50930878
292b69c24ca575c4,0.49059111
29886392e68c22ea,0.78851099
299536bbc2bfe740,0.71859372
299a97a68230b0cf,0.60448203
29b968e4d5acbc95,0.17493354
29d0394a3a94c0df,0.74272217
29eaf0715b61d32f,0.59927119
2a122f7f36c09506,0.57756826
2a1f941a2e4bc1d9,0.53890267
2a3a2dc9d2525ead,0.47254362
2a6229e53c022a15,0.18628533
2a7e7b83f3c832bc,0.29090213
2aace46905593ca1,0.55112057
2ac92b0b15ea841c,0.29238075
2acaa9be80abd7c4,0.32979997
2ad6461d2f306adf,0.72170038
2adb854153e358d4,0.65455473
2b03d0c140f738f3,0.24761213
2b0f71f71aa9b775,0.63309865
2b6657031dcfd1bf,0.68860512
2b6a6d7ee676cf18,0.61188033
2b7ca7d82d6e2ba6,0.38433838
2ba70126865e5c34,0.70563175
2bda9a14649da2e6,0.47309361
2bfae2dbc251659b,0.71122679
2c40f566734118f3,0.39294190
2c78595942441753,0.16724859
2cb51da646ae2b7f,0.43668710
2d061ee908291259,0.38628932
2d2b45ee5ae3bbdd,0.42228232
2d741d263a3f17f9,0.57581010
2d8be27b03b2e9a6,0.27925936
2d9969cfee9dc19b,0.33239481
2da822cf3d006ab4,0.49564010
2e009e9743ce98b0,0.79226029
2e126c175093b655,0.37444331
2e3ae1a170e5a2df,0.76569621
2e538df3ee7ffdb1,0.31140868
2e749d320f69904d,0.20680056
2e7ae8476dfae11e,0.52216348
2e9d86d1f02e9858,0.42676923
2ec92ba44fdb0f89,0.65599937
2ed520b0582b6661,0.80776379
2ee5d04d2754818c,0.33355689
2ee6c3253db498b3,0.26896646
2efb8ce443337705,0.42679356
2f1b04945347a444,0.51555326
2f39a2d0cc29617a,0.45826777
2fae880bce859489,0.24102561
3028bac37695afcd,0.73267248
3035b16e5aacfa71,0.16568533
303b48574f983306,0.36442214
305aa5cad6774ac9,0.47963670
3090d35aa9d076cd,0.69034374
3091f2bb42c8732b,0.27083509
30b60f1ea3690e80,0.41907410
30dedca579b393c7,0.71752548
30fcefdf79b60b8b,0.44508809
312332e4f1bdf7aa,0.41130834
312505464a4a591e,0.18586077
3134bd702ffea45f,0.79204092
3141227840c1e254,0.53651563
3187b960fc4fd35e,0.30158006
318cf88ce2d34e0c,0.48567755
31ac14b638eb0e3d,0.44183881
31ac4b42695a2643,0.21641315
31b3b75ace6e1cc8,0.65289061
31be8ac161490b71,0.54017149
31d80728aa1ba5f4,0.81057935
31e35bc87894756a,0.35308902
3202be497a3b902d,0.22403664
321ecf858bd6a0c0,0.50788049
322cc229d6422f91,0.77575902
322f934c9625fe21,0.59350372
323bc223a4be1ce7,0.50143789
325dc97fe95ece92,0.44372609
3263a2adc0f8d7ab,0.78251874
327fdb256a44f4c7,0.77280530
3282be4dafe16736,0.35337627
32982eb827038d39,0.45529721
32dd3a8e5a5a8b2c,0.81901285
334ee84e2d7a205f,0.25866548
3360b5355fc5b1d1,0.64999978
3365f0f23ecdb455,0.48124033
339ee0b7af793b75,0.77263453
33aff059e6c1a877,0.37341411
33c6cf1717d0b728,0.20012979
33f1fcb2c694c5bb,0.69943783
33fbaeaa4e9a22d0,0.32945517
340da9a94fe6ad12,0.29734367
34290229c01d8c75,0.58498618
34480955f8452a4b,0.57433451
3448b3156ef4a370,0.32441711
34808b00830a575b,0.22220572
34bf12d84f67b559,0.71083032
34f3ac992caf2410,0.27990084
3527477fa4570a31,0.49189427
354419f8bb08f571,0.63154825
354b0d9fcd85623d,0.35635379
3552fe08fba92211,0.56492778
35530e0246d28608,0.67495299
359a4c1e00348557,0.28058922
35a1b18633b317aa,0.25143590
35d033eb319d8695,0.73765012
35d45addb9620391,0.65315899
35ef10622723560c,0.78944947
36247c5d35eff05c,0.58152997
363d0f2815d96b64,0.39166955
3657280d7660e004,0.69192400
3695dfa973d9ba5f,0.21197165
375d66ecfdf49c22,0.45774081
37c47a23315ba638,0.33983627
37caaf1969045de0,0.19485184
37ccce3a9d8cc523,0.55280510
388f56b9fad86ead,0.76549898
38b73b6348501809,0.55413196
38c13c36e20dec14,0.20375186
38c84bcff42594fb,0.59973702
38dd7d18b5a85f0c,0.31743077
38e63aa7fa33e273,0.42173749
39459fe678ff678a,0.67773263
396296175feafd91,0.45322240
39b4b6adaf1132b9,0.81954093
39c561576ce73678,0.29833444
39ccf864a7299722,0.70625170
39ef3ba7c876a69c,0.30382092
3a1c817676a9b67d,0.43667138
3a5350cf9619d77d,0.38581853
3a57d4d127a87d61,0.34227383
3a7f1755e443602f,0.51155388
3aa68680e5b22e67,0.22965870
3ab128b2206b08e3,0.48006801
3abff747b8474721,0.59245075
3ad32ac692aeffab,0.42969492
3ad3c61a8315ff38,0.56251575
3add1936d90523cf,0.24550201
3b1831f9737734e1,0.32925543
3b1e8844a8010466,0.83765198
3b426e18d21178e2,0.68553978
3b5635d25fee7ed2,0.64646634
3b7e0c3acf248ddd,0.20794609
3b839b2203d94952,0.60121381
3ba050c9f1524a95,0.78910937
3ba80bb81ecbddd1,0.70054591
3ba8c7e16a31fd77,0.39925744
3bb774390db1a88d,0.77670701
3c0b0e609d98b274,0.25109413
3c3a94c690d0a1f0,0.64625138
3c3b0565486c3990,0.28740428
3c4570006606fd6b,0.24884126
3cbff342c8923039,0.30248350
3ce5603878fb1d23,0.42348776
3cffbda1bb89bf74,0.65806251
3d1442dae5db1f3c,0.66454673
3d37ffcfd285cba3,0.19409517
3d40b29704c7f7cc,0.35004160
3d417bb8e5d12585,0.55376082
3d547d075afc0852,0.72732648
3d8b61a854a64092,0.73118404
3d9387ba700ea810,0.27200905
3db0273bf1e45ff4,0.66236319
3e1c604046661615,0.15058669
3e52125806054cc7,0.47937633
3e523024b684e650,0.49126475
3e92b6cf5179feb4,0.84426589
3e9344fc4c72018c,0.83828126
3e9cfb93e632173a,0.16320568
3efe81351a707a41,0.63130867
3eff6c559e7e0ee6,0.61264953
3f0d8da0d49d56f0,0.38165170
3f21ac5318b74725,0.80144804
3f52361240df173f,0.20029727
3f55f05122d7dec9,0.23200014
3f572a99becf3f13,0.31722640
3f704c351a4ac6a0,0.75673746
3fd7d4912a4522a2,0.73261992
3fdfcce53e446451,0.30585121
3ff6f62f7d48b28f,0.76507456
400dd2ee8395d223,0.43615273
40710a947d91d27a,0.48036160
4074ca3e6dfe3f9a,0.46485152
4088e8a20a0b7b74,0.47955236
40db967937c4e400,0.25782939
411cd30c5ca46e2a,0.83419573
411ec11fcd82b237,0.42601375
41487f02f79c07ae,0.34529878
415ffd9cafa195c3,0.21707352
4165648bd652092d,0.76123782
41705e168b918d16,0.36663842
41a4d72141587771,0.39687771
41bba27bec1a60dd,0.31369338
41c1329f3aad3e48,0.24577528
42062aa04ccffe90,0.19781032
421b2dba237b919b,0.27850380
42209009fde9f321,0.80828208
42469d17ea3d4885,0.50635123
42573876d1ca145c,0.26668797
4289ea379e22490e,0.31545319
42c2deabdd29e41d,0.19885850
42c2e804d58cda33,0.73762696
42cb832ed6fbfdfb,0.80492034
42e5aa918049f0e7,0.73836248
431e126039afedb1,0.83375022
432dfc07ea85dcb5,0.23916301
436cdca784b0a059,0.32024570
436de4f86614ff61,0.33827005
436ec4f01c2134a9,0.60497232
43728d0b40a5000a,0.46509708
43be4fcdba000b83,0.53884554
43db90c15fd3531a,0.33003142
43ddd38036ab9587,0.45029996
44037b752c7645b5,0.77543329
441cc55814317d1e,0.20554216
442ada72732f0ee9,0.41466140
442bd626871c1802,0.28863798
443f4410ae1fc44c,0.56671750
44768fb8205d84dd,0.32029566
4478ff15c79d7665,0.52828911
449eec149ffb4a81,0.46744508
44c2f0024cfe0eac,0.55439542
44ddff196a9fa225,0.42341812
44ed0fbaa6c57e6e,0.62031607
44fff817c5938999,0.58939438
4503f1c10575106f,0.60992642
453593c805c7c463,0.52555062
45452fa65bd5b7dd,0.31070138
4559800be236607c,0.33411218
457615775c248d2c,0.39328508
4586de3ab283580c,0.58983026
458ba6d8bdd522b9,0.83491699
45aa6e0f45ee0621,0.21047680
45c9cf1388e6d5a6,0.25637641
45d1bd9fbc5c6cd3,0.43625888
45f0d301a024ea8e,0.51865926
4611a5d1ac4eb4d3,0.39799612
462eb7cb6bf808e4,0.20271294
4664dbc3957a8492,0.23613292
467e68658fc0dcb9,0.48366575
4681428e35376fd2,0.27451302
469711f4b3393c9e,0.51902643
469b74bf90b5fb7a,0.73723520
46a36d4aac2c6a94,0.28599097
46d98296415cd073,0.17750569
46e1f96b4cb6cd80,0.19829598
46e31e53d29c3fa1,0.71005156
46e329b4c2698ab1,0.43727367
46ec6ce7de8a9bdb,0.82746225
46f6b9ffcb1792dc,0.30469127
47279a002f27de6e,0.46672651
4730ff54fa59ccbb,0.45864190
476b8b5123ad1040,0.28622489
478568c0953e0fff,0.55346866
47daca559c85d573,0.64581908
47f74f7f9a3527e9,0.34838111
47fa3aa47bd54de9,0.63777926
487f47c5d7494fe5,0.83003006
48a13196fc6d0271,0.84679578
48d625c15495ff2a,0.50778609
48d68ac8e787989c,0.52169821
48f404b4d9dd535c,0.16854035
4954654c5773885a,0.68648054
49686a9177148cda,0.47060811
496e685d2160af68,0.60585578
49a125d71bccb1ca,0.71133353
49a59178c9ce438c,0.78266015
49a6f7a4935825f6,0.80904050
49d91d4fb6fb0988,0.75237920
4a18c1d20b4dfcc0,0.29242455
4a5ec5e66edcb193,0.34433284
4a68e068bff3bd9a,0.59898918
4a6ee819bd081117,0.18667229
4ac444fb3032b688,0.51412530
4b09c37f2a125b2d,0.41666867
4b37a3c70c878af4,0.63465708
4b3983ebbc2c7b93,0.63326004
4b4280671a7ade85,0.57253835
4b5b0f6b0b822c57,0.40630880
4bcf97edb29ce9a2,0.68761313
4be7438d00b289dd,0.50435890
4bee960c875837ac,0.69867547
4bfbaa37550aaac0,0.79659099
4c10d27c206347f4,0.59275539
4c2311c74a4d786c,0.71917913
4c87ec6ed7db2aa6,0.28813971
4cc6248e9e6217cb,0.47152676
4ce3ac535bc933e2,0.68459808
4cf2aaf1659040cb,0.84075664
4d0b110827fcc5ed,0.30340400
4d19ea9ffe8af61d,0.39582223
4d20b11df03b7c41,0.47358556
4d290a0d14b6add1,0.62102863
4d39075908b63e57,0.58339054
4d3abd4659129b0c,0.84336425
4d3b635e2391a12e,0.44788047
4d5e1ea06247ef3a,0.18803205
4d9a051aff979a6b,0.25565500
4daed9545defa504,0.63880010
4e00476f8013a768,0.52955479
4e00bc03e15bd3a9,0.74568596
4ebe1f308e9b3e79,0.16750815
4ef1a5390437d5a8,0.23803804
4ef795893f7a299e,0.57684860
4f05140ca6ce9b0a,0.44855436
4f102fa9e42eb635,0.82400029
4f2229ee0f8c6771,0.38709607
4f2bb34435f3de77,0.62421687
4f525fb40719745a,0.29042806
4f683bb3e9001b0d,0.78921574
4f69ea4ff8de722a,0.53656238
4f7f6d29e6061ddd,0.79092534
4f97c819830b1a99,0.70029869
4fcc1ebbd55e55b1,0.31604545
5013b4466b12d030,0.30069030
50528363ef47fc9a,0.58793123
5055c3bdfdb32328,0.47841927
50a3fe02ccbeeed2,0.60106303
50afb3fe0933d713,0.65894018
50c164694051b95a,0.45739715
50f92b7575846a0f,0.72594161
511eb49259b351ce,0.68470584
512c05b706e0925f,0.37292099
5142406ef347f5fa,0.25859431
514d509220ecffdd,0.60166928
51788e414bc21d1e,0.56359780
5190ad1e14407d77,0.18230960
521cc2a20cff70d3,0.52557845
521d89acd68b2fb9,0.83248570
523980ca0c676b0f,0.75604424
523a1ec174b54b11,0.69448333
524aa4beb90e5ad2,0.74870139
5267c908850c7492,0.40254920
5285f8c19a7676f6,0.60465357
52a549b9a0c17693,0.62342777
52ae7921a4fb1ac9,0.80947071
52d53ebe16396077,0.39474642
5327cd4db9c13b4b,0.33664628
532e63343dd15d59,0.75199183
535d3c58633ccb2d,0.82963296
536071dcd4bc96fa,0.60993198
53a93ebe2fff32cf,0.66790091
53adf30a71d08d2b,0.40486937
53d8ad8b4e08abb3,0.41878475
53dc23e8756ab176,0.80082512
53f7af7be58b74ed,0.64921882
540eb751ca32dd10,0.82092443
542a74cab61a23ad,0.44690637
542e1691b64afd42,0.18489023
544e67c582d92177,0.47944799
545d7c14e29d23e0,0.50369291
55304cb5e93b01b5,0.61600756
554ef7865cf01414,0.22555242
5576eafb82873c5a,0.32809301
5589109e2339bfc5,0.80246499
55b4a69bd99086ad,0.58382651
55f9ffde1e85a92c,0.29212420
55fe4c82881fe40f,0.75704307
560f7046cb9cf1d8,0.48843151
561fa7c9ce5014c0,0.47265712
565cedddd0d8e421,0.37125358
5697a2ca73a86fcc,0.48288150
56a7f20a54c3262b,0.25295186
56ae57ceca2573d6,0.39164878
570ab9d07a7a12e2,0.81418689
570bd44dc5288bf3,0.48959109
572a93d939bc4378,0.34220500
5734563cc06ed1e9,0.73558788
576466bd1e5c63e4,0.40767274
5788fa4a1ae3ff78,0.62725135
57fed76b9fce3f33,0.50654009
581f4e1111d20085,0.58638044
5845cd65c1c4c486,0.80122582
5851ba7ae30a2e4b,0.64577112
587cc90077a2906e,0.71696581
589971aacb116c2f,0.24492549
589e4b69ae668ec2,0.65861781
58b04641baa54cab,0.49560366
58c3393159219dcf,0.41276181
58df12cddee59b96,0.66684183
58f295cda18a52d4,0.61109535
591330b520ea58e0,0.48587718
5918be1ab3b1910a,0.64491169
5919340131b8c54a,0.17722198
597e4a4aa8e3b655,0.77222958
59a304e78a6efae1,0.77901602
59add3eafd2af834,0.71968968
59cf833046b2ab80,0.45028884
59fd1cd8cd3d4f8f,0.46919614
5a06d2156080696a,0.32172727
5a2d99e784be515f,0.64758012
5a33514509836ecf,0.37276446
5a8e5532428f4ac8,0.82604859
5abfb3e0a6c8ae4f,0.60246260
5ad0a3ad7567153e,0.48481849
5ad55a05c4fac720,0.16928954
5aee0c0f1ee34de0,0.73404720
5af0ea0057662391,0.57230629
5af1e2c94ed00d8c,0.21440272
5b00e4c402b1d73d,0.35477603
5b01d863619bcf85,0.33917259
5b3e6c2bfbb02f98,0.51009563
5b90b27bb74497bf,0.53620475
5bf6b369a59db309,0.75016242
5bfbb7eda110dde2,0.71726427
5c1cf31f2d3baf57,0.15400818
5c1de599a60fcf55,0.75650465
5c2e664098333fe7,0.42724289
5c73e4eae1190972,0.22832353
5c92c458b005ff0f,0.24054421
5cccddc9bf2317d9,0.21086271
5ce7fe9bb983ff37,0.21736602
5d2ffd269835c84a,0.41011887
5d52e5a4dd39ffd3,0.15502428
5d7a0d9e927f8602,0.15370834
5d8ab444c7b8c91a,0.71447048
5d9cb75cae17e6d6,0.60679225
5d9f545366f4eec8,0.29195131
5da1b8aa3ffa1bd8,0.17901887
5da2b429207f1f20,0.47638288
5db9c2506064a2bc,0.61180253
5de1fc9dcd18ee51,0.42605095
5de3c3e332d41df2,0.47166985
5de8de47c075dcd5,0.37428687
5df95765f63c7436,0.80119398
5e0f368afe82e46a,0.17812318
5e22a517eb198daf,0.43188121
5e7975b33927b598,0.49178638
5e887a3c81424f46,0.73471977
5eb2bfe6cd86ac9a,0.78203222
5eb40cf65ef75054,0.22827763
5ed2af804baae4dc,0.60344788
5ede2d6451cb1006,0.43658756
5f37bafc7e4d056e,0.15064018
5f4e361afaad79d0,0.15021830
5f6f91961b000bc6,0.29589860
5f9cbbdb4b999cd2,0.56857030
5fadb89ef9133eb8,0.58006950
5fc5e84c02b8f493,0.18731350
5fce9a4e11aea888,0.18459782
5fed5f0b357f3d25,0.41183157
5ff397a18b06024e,0.23278649
601b5e24a2c894e3,0.28252695
60bd1df5c2afa8b3,0.52127969
60c5274c6adafde6,0.79565561
60d5d8c5c9485407,0.47822345
60d643a039178250,0.16043987
60da02e75167d6cd,0.18675053
60e4c71aaa4fd93d,0.39596651
616180b861e6f5ae,0.48576976
61984dc124eb216a,0.55190650
61aad478a10ba893,0.59040113
61b8cc1f6d5eea8a,0.27274324
61c811dbe723d271,0.83512216
620ee01cd757868e,0.84261222
62119ab7c311e35c,0.75654673
6213a09899099a8b,0.68351226
6214501a41379639,0.69056530
6216e3091535dbbf,0.16908103
6238da9e59f8b152,0.19036178
627508764668f7d0,0.23021890
627b552844d97ffc,0.74972767
62b47b7953776c53,0.18511001
62d0a22d0b31bb3d,0.80463888
632d910f42207824,0.83003995
634a57b4bb7d303b,0.59757292
63a169b2eddf8f48,0.53216744
63b9d275f452c42c,0.15146992
63ec592b79ac380a,0.84652882
6405af1c55c04c1b,0.75010651
643940f63ee52aae,0.69785024
645381ff33fbc7c6,0.42602479
6457725c59a6d87c,0.26071296
646bcdd0924c6db7,0.61093699
6473dff98548d22f,0.67459403
6484d54f44e315a9,0.58481878
649a75254a266d2b,0.23272700
649c86cba08e1272,0.26903039
64b100b8581ca2c3,0.78709566
64c6d2aa349124f5,0.70894498
64dfeb27ec777551,0.70847759
6511dd8c07382117,0.18311749
651db46428acd3b4,0.71620162
653d7456a28035a5,0.61947519
655c77a7b7977c61,0.18268206
6590a7e05fe524f0,0.17523736
65913e61fe001c3b,0.68053063
65b216d14a2f63fd,0.32309459
65b21bbf487c5075,0.20993521
65d68d1a8f87cef1,0.15731639
65e59e42e5d1ddc8,0.79178673
65f00f22d7b1c8fa,0.29172058
663d8f7992b0c9c0,0.35047987
667c3f36b782319c,0.39785439
6692a7ba13ef9af1,0.23193407
66c2408ee7879459,0.76769537
66c5ab27c2eb87a3,0.47607494
66ecfee53763ac31,0.29685041
66fdc87a3db95464,0.22738620
6784263f6b5a2ed3,0.32399058
67852d44e23d4ec5,0.42696275
67fa5b6bfa7d362a,0.46977590
67fc73ff15c159db,0.80427504
680204f484cbc888,0.62806153
6824b6d0606790ea,0.31280090
686596fffa61a5ac,0.84139569
689f73b2c3037e37,0.59137946
68a7596d13b5b87b,0.63462496
68e326e94112ec82,0.23166088
68f9acbc37b83c43,0.34987157
68fafea12d5ed1d0,0.84175049
6903033962a364db,0.37748868
6904aac33cdeef0f,0.24196475
691f4cf40aeb7dd9,0.36613835
692d3b2dd30464a0,0.54369751
69600f8e6837de5a,0.31581880
699f21012b559405,0.76202366
69a720d3c2d476b2,0.44896454
69cc7baedfa84218,0.57167711
69d0bf3deffd5f00,0.63024628
69f774884f86ebc4,0.69898879
6a014d64f729a685,0.48083713
6a16c0be96548bf7,0.65130877
6a3243d07b3f0ba1,0.80508909
6a352af6764bf594,0.20626944
6a5d3e4af8a85702,0.56857560
6a61663978b0544b,0.80515649
6a651264fac80f64,0.71789145
6a846c1e2c782557,0.20152696
6a93dc79fb2652f5,0.42570952
6aa412a1592ccf13,0.76248884
6aae4b714ae6e1e1,0.80841125
6af746a1fafdab63,0.16483108
6afb3674dfad83e3,0.75122407
6b093b3cdf29002d,0.73280013
6b11ccef8df75b2f,0.21998203
6b23f37321d349a3,0.29623914
6b731567a44b92b6,0.57628708
6b7933d6acb3ed96,0.41220426
6b8408f3ee55cbbb,0.62604634
6bab00de375ed327,0.37621650
6bc8379e8ab42c30,0.44041501
6bcc43a2b98f903e,0.68513595
6c045f99b7617fe3,0.20634401
6c552fc096529c99,0.62247249
6c64e98021b9d711,0.25071385
6c8359356fd2f020,0.30888030
6ca9d2886b997aa8,0.44068010
6caba4ddcff064b9,0.22733458
6ccba49af7adc170,0.28481719
6cce032a05e29417,0.32984991
6cdcfc4550925a61,0.60339887
6d0187185be48c92,0.39207425
6d0ad7455d557cfd,0.39456775
6d0bdb0c586c74f1,0.20516736
6d1abf09832da739,0.66168556
6d5ca921bfd52deb,0.71685020
6d65a654eccd6973,0.70398722
6d6f4f3ec7b47cb6,0.51261587
6d73bc9ba9e76579,0.35039225
6d87a97a816de1fe,0.75672077
6da8fca480bbf7ac,0.50923120
6da9beaae62819be,0.26201876
6df1a1dc68df713f,0.39584746
6dfb63f4b9462393,0.82266430
6e019bcb29c52e5e,0.69057638
6e076aa2fceffc1a,0.56697915
6e48aa09824e03f4,0.76603101
6e7511dfdebbf0ae,0.82016552
6e8dfc03a342c589,0.40033352
6ecef6195e8fdf2c,0.31240963
6ed0c4343ada749e,0.62691474
6ed1780f670d76f8,0.41347767
6f2696a96e31dac5,0.37544083
6f31caf9d17a6166,0.69292310
6f7d78ef69fbe136,0.40373455
6fdaa349a440ec07,0.67330440
700a78e94a1b42cd,0.74609972
701a514a8d49a2c4,0.45600136
703d7c6dd3fb08f8,0.60891614
705c1ca77fc04a08,0.52833860
708699da45072af1,0.49233934
70ed0c7b172b1d08,0.57041772
710487397f4a6f58,0.19107779
713363223f986b9a,0.22720785
713e3b359e3ba40a,0.15033995
715b5734e2d59ad5,0.79309647
715f660e47d9cfb5,0.60798589
718a0682a23a30bd,0.67974630
718be95856e0872a,0.56264818
71965db980db5032,0.36863776
71ba179f2e9f4d2d,0.24942873
71d34a02fecb067c,0.59893621
71f0987d583e986a,0.65673837
728486d92c54ef2c,0.77070706
7287e67769273f18,0.78642083
72b7ddc233d4d92c,0.75292058
72cd6d5cb02ec996,0.80107702
72dd2a61a65c9191,0.41229707
72f233fe91eb9115,0.44209584
72ffadd9b5b61893,0.56904097
73391bd37c1129fc,0.67698773
73571e6bfe71eea4,0.78401796
7399526a781cf47e,0.24022376
73ac5dd5108ab64f,0.60547870
73db927d1d93584f,0.52176887
742444922c48b580,0.72280032
74315947e887df2f,0.53481504
7437730f2dbf9f3d,0.63322451
7443c1894f61faf3,0.76867545
745d9894ecb78661,0.64722044
7481a97322a8ae11,0.55396414
7485e3f31dbd9ece,0.64511530
74a319949b77847a,0.37985496
74b00392780f7886,0.36156113
74bd47282a61f36e,0.26647312
75153bdf0a2c0341,0.43659330
753e71ded2753ec4,0.18246674
7567224e60902016,0.54748093
7571a415cb90f58d,0.37450064
75bd1fdd640a4d4d,0.41794437
75caa7451d430e09,0.50030666
75e96101657470a1,0.70063311
75ee94b0aa68e14f,0.17775550
76172df85aeed0a7,0.73261322
7648faf87a93d0a4,0.80293653
764a9c3dabbff971,0.72300947
76901a6d0c263081,0.23250065
76a747bab5521dd2,0.76792699
76add80a113c83a0,0.42328226
76bc54581c59c2d1,0.18483207
76de23538ca152a9,0.83522940
76f2c959a4f260d4,0.48141995
76fcee655afa8d51,0.18654108
77166ddd5e755279,0.15890364
777d5e008153ef85,0.47293945
779280526f158873,0.17161003
77b4846c5ed03173,0.61652644
77ba38992decfd03,0.57381396
7820a109eb865258,0.31143892
7874a748e146ae61,0.26506214
7875a71470b04c0c,0.56452267
787e03ff5d88463b,0.35525743
78bec58d9772dc2a,0.43332771
78c88217ecf05198,0.21482541
78f09ebc108d84f2,0.48605924
791671f7b0694f53,0.80216346
7920510553cd0ec4,0.62178316
7966589d10cf3b1c,0.77454689
796b75fd93413452,0.46234949
79ae6b1cfcf6ac11,0.33682170
79dd55c6cb00974e,0.47028440
79e260e8f4f4bb05,0.61486701
79e581efe87ad75f,0.42271675
79ea91fd4aa9f00c,0.77028846
7a039d1f40af3eb6,0.28702695
7a09f92c5ddc49f7,0.83456850
7a0b952358f1a481,0.45380124
7a557d48e93cdb5a,0.15914884
7a9043e4edc4ea78,0.66069835
7ab1cb5c2fbc2ca0,0.48535640
7ab8455f549714ef,0.24694428
7b289cba1db0abc5,0.65207741
7b51ffa23b158e1f,0.61700896
7b77fa0fb93d6555,0.57935243
7b86f407ebb632b3,0.75542437
7b8f01fa9146cd2d,0.22235338
7bc02f091101a240,0.37348568
7bd350ce58f9cd24,0.40659024
7c197831bc3195b1,0.70248107
7c3d61caa2456d2a,0.19782077
7c4627032ff53a21,0.23866672
7c527d5c24a73604,0.52866373
7cb9cc0ddd974883,0.65162937
7cdcd2c215677497,0.57095628
7cddde12cbddfe4b,0.34464401
7ce6d7a3aecbe3fb,0.65226993
7cfb8f8430d1aa12,0.66373832
7d826790c77e93eb,0.31908951
7d8c41d0acd463f3,0.22334051
7d9539b8bdce3768,0.21572766
7d9ed423a04f136a,0.39820933
7dcce1bbb53efe29,0.58222076
7dd098e1e8d75aa6,0.81407596
7de18ce55b599163,0.20953583
7e00afcdc415408d,0.75987464
7e0df488dc9d31ca,0.72654012
7e2ebc3b78ffcfae,0.26625411
7e6b4aeb748032e2,0.81485141
7e90f81b6f972ad1,0.72522991
7eb007927ae4b03b,0.32225241
7f00001a32fcdf86,0.82224496
7f0c63354cc34b5b,0.26481827
7f2f817c2a4a4109,0.62648525
7f76b4cd0059b753,0.43038882
7fc6322c0a2ba2a4,0.21939339
801e86f5402813f2,0.24876898
803b46a0f9f4c111,0.23434036
805d4a65fa2c8f77,0.41315967
807bdbacd306410f,0.29332339
808362d41a425b92,0.27210746
8095beddd2af57e6,0.53002723
80a7f065810b8eb6,0.56799952
80ab7463831ad013,0.51177940
80f2f9f37102cc85,0.40410043
80fc843f55dc6513,0.62839117
8108bd627016eb08,0.64428298
8139d30d3a77f117,0.48900262
813fa7a314adbec1,0.63308646
81664e55ece090f3,0.49270072
81933daa887fbbe6,0.56512069
81bfb0b379bcf4e0,0.29227562
81ee83985b5bcd57,0.26752519
81f53c0b4a0b2229,0.77784506
822ccf1be725f942,0.42767367
825e8d9d180d6928,0.25348024
826ad9a1ce8c4f8f,0.18786615
82845f2340879692,0.21332101
82dc13417226c9b5,0.49926043
82ed64486fd7310e,0.59886699
832c309bb23194c7,0.15322171
835c19a5b0b0ea6f,0.71018167
8361093596eaebad,0.45471795
8365e353e892e1f2,0.48920980
836bda63237ac007,0.66604791
837d25258bdc47d7,0.75194038
83b04f2faa5f389b,0.66581202
83bf206311b54c75,0.76753070
83cd81659fdf7587,0.50579831
83fbfde0e5a59b73,0.67453656
841e8f2d62d585ac,0.55124839
842868f5934ce1f2,0.47182010
843d650d87bee22d,0.70255904
8450cc74ffea8a0e,0.28453992
8457bcda810bee50,0.65404859
846951524a8e945f,0.59732341
848fa893fe4ba94c,0.44984505
84926ddc91991f6c,0.63118303
84b9f506890c47dd,0.61707636
84bc3dbd89494255,0.43857184
84e8c6a1dfa88bc6,0.62826625
8512106861e398b0,0.43787315
851dc0d3904711be,0.34408384
8525adc4c9577b67,0.82009230
85300afa66dedab8,0.60915580
855b567537f799ea,0.52737849
855bff423122d42c,0.20191762
856baf8271f18d8b,0.71946983
856d8e6505fb4fa8,0.73104441
856f06ae1563c6f0,0.28611487
85dd3098617f6138,0.60649320
8633bcaa01236b57,0.35731809
865397f5418de0f1,0.30289139
867c5bf5128ce885,0.65497998
86a3db934e7a9f6b,0.44494099
86d756bed61309ca,0.46609800
86dd2190d605fd77,0.33687241
87068d305e7c0ec9,0.31511542
874688d806f64ca7,0.43752563
8758a1fb857bad40,0.58901110
876149f311635962,0.47265061
87664c80b2fdc564,0.56259675
877ca4eaebf1db38,0.53385712
8788f5792e8c03bc,0.71562347
87a3b04a09554b31,0.33290199
87b55d81c0023dde,0.71860770
87b94af01a389c9c,0.29925748
87c7bf05d90d04e0,0.32325436
87dce91211f78826,0.64396198
87f2316057173a50,0.16071990
882c36bb50d7c6b9,0.69804528
889e6ba8bad064c8,0.36931997
88a7615a05b2d2b0,0.81596530
88ab8340ad2c42e8,0.57197422
88fdedaaf7d83954,0.45114333
89346c5ee71cf05c,0.31738028
8943731948cf78d1,0.44539987
89514dced6a50be2,0.48344980
8974cc4d9579c41a,0.23042658
89ce6c0b0429dbb8,0.82861895
8a2a664fa8c7bb87,0.38657628
8a34a2ffedc1c58d,0.15821630
8a393aa7e0cb7602,0.84804210
8a4b498d665bf2c7,0.75081317
8a62fbc8a27df420,0.45415950
8a80f3c25a0715af,0.46917236
8a9a8fbaeee074be,0.75887729
8a9ff37433ad1249,0.17581556
8ac6ae75300d9666,0.21883780
8ac8a1e979c70ce2,0.83907134
8afece4087050d1a,0.79384034
8b011525c560c319,0.72665165
8b0a3dff4fde39b1,0.31946848
8b4601ee50626de5,0.54580898
8b5544966e940bd8,0.36320434
8b7a8bf6b3d11c37,0.84675950
8b9d9206aa9f2b33,0.56948512
8bac1f0529bfb368,0.63483221
8bde57bc773b163a,0.39179936
8bdebc99bc073ef6,0.84323426
8bdf9538e23a1d24,0.80027942
8c2888db6fd89a95,0.37233963
8c4a9e82e168e338,0.28454179
8c6f21ea1fce1021,0.56732582
8caaca4e175ed74b,0.34189622
8cab92e5a24033d5,0.71483192
8cd17f3a7002882e,0.47318491
8cdaebf2e907ee47,0.53077497
8cdd78bc2c7d5b93,0.53601536
8cde86e0f04dab1f,0.33889693
8d0b2afd59e9bd37,0.38636516
8d0be7b85725eaf5,0.26002602
8d15ac9e93e487e4,0.37454854
8d78a4411ea811e5,0.55266818
8d8aa4a3c9115cc1,0.29574056
8d975b992707d39a,0.80999262
8d97e8dc6a6751a8,0.23066683
8da5c749a552b4e5,0.59472587
8dcfe8fc39370ec8,0.36742108
8e1a24ce8bc20b5b,0.25564186
8e3abcbd56122515,0.23828805
8e4f227ce15b3f1b,0.68663626
8e54bd38fb92beb4,0.39657301
8e6da2003589cfe7,0.53221096
8e74eaad5d66beac,0.63464709
8e7b093ba5448a7e,0.67802469
8e88299617dbfaca,0.16491360
8eb6236ce3ca2aa3,0.58851935
8efbc19df8f471b4,0.57763212
8efd6152dd7fd7a6,0.22748730
8f1267185d982393,0.28185737
8f23eda852a26442,0.24143082
8f32e83807531311,0.28915077
8f4b63de8caea3ca,0.60166906
8f8a2c8a556a60a0,0.77930614
8f9d7aa603435d20,0.40039888
8fa61f6e65216bdb,0.81492400
8fae28c96ab84eca,0.26221144
8fae2a797d64723b,0.44885101
8faf98eaa7b178e3,0.78345271
8fb9d40b74d75170,0.79381738
8fde20cb01aecc1b,0.56596002
8ff6f608320a5b19,0.52243546
900e1c7c409ebfcd,0.47404016
903b488abd4c2e48,0.69129088
903f4f318bcffbf8,0.66816813
904064adef975a87,0.74181460
9051a6fecc1cd57f,0.33377967
906a6d38cf27b3ea,0.46571930
9098171045a376eb,0.62644933
909f7c0f07287284,0.67329121
90a76256c7ba37ed,0.70947310
90ad3193f2cf9e4b,0.42546304
90cee442bff16743,0.55124991
90e937fd36b285d0,0.73621187
90f5a4852cde1725,0.22471814
91027bface6800ce,0.64071916
911aab6dd0724596,0.33101923
911f7bed64a3fe46,0.60674531
91a0b3ccde0389cd,0.44322654
91ad5c5cdbf12d99,0.81362271
91fbcb19e22175fa,0.30508222
92445ebccf42534c,0.49215539
924e2d280c87f24f,0.15234023
9260b5e5b50b55fd,0.27395102
926721417a4ab3e2,0.69789195
926a8407b98cef96,0.84751650
92a52cf383c4a6ae,0.43436347
92ae0533020ebc13,0.16121640
9321135f9bf6bb90,0.20176130
938bc0b0d45b34ed,0.82501850
93a7d05f663531c2,0.65082636
93b33ebe817f9103,0.15343511
93c901b034a2eddb,0.29196376
943efc0471a5c5ff,0.29476237
9440e5d5e51c9cc2,0.80935408
94451119700022af,0.19581376
945ca832e04c2bb2,0.74074663
947b189b255cba14,0.24520069
947d1b28420643b0,0.78889558
949fc8e870b18c52,0.35905635
94ba9d72718d62c7,0.50823916
94c1f7193aa0cc26,0.65468791
94c2d1ffc5bdb1e1,0.36046819
94cc629c2b8fbfec,0.31166427
94db01402d25a06e,0.65973435
94ee11adc425878a,0.69233228
94fc0bcd78d3ebf3,0.42910019
951731a8bcdcdeee,0.32843163
9530b361950e050d,0.77744114
9543e639f887874b,0.22476300
955a58d140274251,0.33736788
956cfe3b877a78ea,0.49079331
95cdb861ceabe309,0.67206680
95d571bba3e1a2fb,0.37867979
95df6b4cbf0969e6,0.47588948
95f0321c003588b0,0.68672653
95fbe04c39d7d194,0.84178566
960e70f1d5f451c5,0.42211861
961d47df322ade3f,0.51075743
9637c5998efb3935,0.66861926
96607bc9f2bcb51f,0.76385173
96781dc8c02fc3e9,0.20420620
96c25d59987c75da,0.26462420
96c76c4f48804060,0.32837207
96d1ecadaf849cbc,0.67442397
96ff53cd18864de7,0.26635657
970cb867a4e8f345,0.47713096
97112358fb08c2e8,0.40142131
971edbdf36c85758,0.67163773
974136d782202787,0.83165819
97468747ad195744,0.74036415
976482a325a7a4a8,0.43026103
9779013321b72953,0.75117437
97989561e356caf4,0.33014949
97a9e74f03311ff1,0.75113028
97f56f73adcd1935,0.55338046
982cbff424fe4077,0.45072891
985125bdf9da7e38,0.58965062
985579cef8f42224,0.36111239
9867377ab4800c7e,0.78362581
9876ea3856f3607a,0.78657889
98971aa5021fb790,0.54352193
989a4923714c5c04,0.15188587
98a3b29159139b8b,0.27895875
98bc2b0414775af6,0.21082189
98dff6ee87381436,0.48189032
98e597d7a02083ea,0.81421696
98e5f9900b08e58c,0.50663199
9913900a6d2d1a55,0.15767327
9983aba1fd43a157,0.78948576
9986d3fde30a2d49,0.25457609
998b314da2d03d48,0.84589776
998e32479cd9939d,0.41818758
99c3ddd2c6175ee1,0.77596116
99d1a40acf4f1324,0.71778499
99dca5af7f3d2109,0.66564886
99e454d961957d3d,0.30573391
99e50acaa3643478,0.76788825
99f7d99e738cb15a,0.31119039
9a0ecee64e0a6b43,0.60164774
9a1007508c1a8f13,0.74568757
9a6dc7f006f1a9f4,0.55597321
9a8b59fddaab3c42,0.39967378
9ad0916f6b22544d,0.53494629
9ad96d592052260f,0.58779893
9adad3f15004abad,0.72995160
9adb96fde1592f70,0.57192585
9ae2c56b642f07b4,0.67307248
9afc79b6d4cf9141,0.15176522
9afd9484950d3b22,0.61052279
9affd8134c9d1e6c,0.75811589
9b18ce8fb2b4b9bf,0.18735762
9b1b7d021170228e,0.36257788
9b505923d3f5ed9d,0.83424005
9b82a07f61826c52,0.55722741
9b98854abd7d3f16,0.35029192
9ba7be2392a3bb16,0.15938976
9ba93387f8320591,0.33656902
9bf8d6e73eaced23,0.22627204
9c4cffb18d21a223,0.66101834
9c6dd524e3abb2f7,0.51797346
9cafe4b3f3defdbc,0.45248568
9cc78a76fc07a540,0.77299070
9cf8beeb31d902d6,0.51417698
9d1123d40e29d693,0.56352141
9d277a64b0307e30,0.80732911
9daaa598517946df,0.31392837
9dd1f48cb3f57fca,0.29363625
9dfef34f4a2f86bb,0.15060331
9e1244bb24d8439a,0.63110911
9e1f1fbb99612ec1,0.45654761
9e2439d15cc2b9b6,0.23391344
9e3c5b2728ca80db,0.34210173
9e57118d6cbdee6a,0.53853913
9e69945a38148e8d,0.61104402
9eb6848237192ed4,0.60481961
9ed339d1cb322c37,0.29422930
9eea410903743d24,0.18255066
9efa33bbf3ecefd5,0.75961122
9f0995d101cea535,0.75662478
9f0f78c1c2993d38,0.21301765
9f5ee5b13c94c077,0.79430363
9f67a756582deab6,0.47917866
9f77b227a85b47b6,0.65032632
9f82d18bd820e6bb,0.52797015
9f8cb417f0e95b60,0.53798790
9faf980a10f3f1a5,0.19545354
9fe1f220e9926579,0.63582203
a00905d691df6181,0.60796817
a00f80e69d9eea90,0.22728590
a013278ca6ea6f6b,0.15910104
a013509a0b6ed708,0.81992741
a03ffb331a211d05,0.68148829
a049e6a2b6fbbd12,0.66480429
a06001d8340e5b79,0.38468975
a07081b699c335b5,0.51802681
a0774dfc6399ad29,0.15594921
a08254d37527f96a,0.67263038
a0bebbf78242cd35,0.55299902
a0c79c36f180cfaa,0.72324925
a0d92a226239b679,0.46891244
a0f9aa18beefb00b,0.66578787
a10f425c7fa6d897,0.66711692
a1129de504963e19,0.69843609
a156cc108167adaa,0.30348700
a15f44efb6bb8b3b,0.61794918
a166a2d4fb4d603b,0.18783755
a1b3a9ea8af70f84,0.60347522
a1e73a3bb4a4ea75,0.39443560
a21b8735763e9486,0.80486469
a230acc9ba7e66f6,0.55497850
a23831d8e3f097a1,0.53468966
a282bd0303260e4e,0.71454788
a296f145d00bbd70,0.28155005
a2b95a8d2499bdc3,0.23397558
a2dcc2f64982314f,0.18576600
a2febbcc45415192,0.44422470
a37d372a5bd627e9,0.22235951
a3874710ac75cf98,0.57861202
a392c28c2bd3579c,0.43496068
a39db87a371b128c,0.25144745
a3ad2890e9a19834,0.84770983
a3f90c2ae093f070,0.66371094
a3fb0a48605bd35f,0.66788320
a406bf68df023962,0.46010964
a420c087d2ec4785,0.37797953
a428cc6b788fcca0,0.24665464
a42a98dd61a1e65a,0.77775170
a48db450153eb9c4,0.69761504
a4b5094027050cd4,0.71448286
a4b6cc4a36091b18,0.68575923
a4ff645af1b8f1e6,0.41344693
a505f2dbdebe2bd1,0.76999679
a5185c43b63280c4,0.70701008
a574efe8faa446c5,0.59324092
a585b70590dfe921,0.27324696
a591f32197463024,0.65926279
a599ecb357dadaf6,0.65991594
a5a03c4fed2628e9,0.23578896
a5a3462abc518ec4,0.29503239
a5f3ce06bb5eea51,0.84891599
a64078a306b0732f,0.20119114
a65a34306248e207,0.55371838
a65c678383db0bea,0.36007088
a66a086398efc672,0.39350493
a6936f3dad3db3d4,0.81143966
a69bc68e4acd2c59,0.28504665
a6a8e6dcb9280a32,0.75077952
a70d15d211d239da,0.36450055
a720f61a5b1fdd37,0.58337924
a72f6816e734a1fb,0.41322416
a7513a68b3521bea,0.67206013
a78117939b070958,0.33166350
a79c3beb7df07933,0.35050885
a7a466a095579497,0.67488686
a7d3b15d240dfd4d,0.25049745
a7d613e2d8aacb48,0.41251492
a7f3a2bb3493a63c,0.20737153
a80881f4f3fbfc43,0.27849676
a834d4de79614f11,0.51450760
a8b3da0560a79b73,0.62215127
a8b59e4a2e3e1d23,0.69789725
a8edb6e49d23c6c0,0.42042748
a91315d4ce109d1b,0.84420727
a932cbd49867eb9a,0.84410743
a94a838f03f35ebc,0.61691040
a94ef21b01d07687,0.16971045
a977950b70297bc6,0.75972727
a98829e2536267a7,0.78477480
a9c70b56072ff2c0,0.74086987
a9ded813c35f412a,0.76261043
aa12d250ab9384ff,0.69809231
aa1792f9e8eb5c01,0.82596630
aa2cb2b6fa4edba1,0.44685624
aacfae36993f4200,0.83652274
aad10ec4df583b96,0.64133587
ab01a40ec3e5448f,0.77433324
ab1c6b54f519f525,0.84303065
ab2393657bf5cfeb,0.18984835
ab6153270813d36e,0.28787811
ab744126b0cb533a,0.63504605
ab80e05b739410a2,0.80421340
aba7205f6278bd28,0.80108271
abb33f62ade84c70,0.36182624
abb96ed20bff7403,0.66495310
abe53e412a048a43,0.65830500
abf161d176b55d1a,0.20658348
abf851f8ddaba1a0,0.82163879
ac08fb8536e10850,0.60722820
ac2bd78faad662c4,0.62377821
ac58a3380de2010d,0.24842897
ac6d1f1c7374e857,0.48597172
ac9c171fa0841647,0.66190947
acc186acbfaa41d7,0.72091830
aceaaabc0319dec5,0.48602310
acfed0dddc000c92,0.30564439
ad0d1c64cef10e18,0.63355234
ad3e9fedd90e124d,0.83507464
ad60e39f47a402a6,0.38713776
ad7bf24cd2e7f671,0.35574774
adde1f2b47b888f0,0.27169318
ae0589acffcfb242,0.48860940
ae13763d04b6aab0,0.17457204
ae26b78ec8592fbc,0.77231796
ae331067c6e7a878,0.79181904
ae3f469ec9a54ce5,0.30244084
ae45dcb70cf44d9e,0.45755500
ae48c814a744d46b,0.74165479
ae5d66f9327c0b8a,0.83388995
ae8939b897e5f4af,0.17870209
ae8dc9595008598d,0.20926107
ae931ce9bcd64f20,0.49118492
aeac4df3bf7cdb50,0.44533809
aeb0100ed67e74d9,0.28371697
aeedb468976b75d4,0.59875992
aeef10cf5fee11ec,0.29152635
aef802c2d3ecd407,0.60297198
af8256e7c949895a,0.48272902
afe9cddde02e2eee,0.25274598
aff6ad70c3543bd3,0.35401674
afff024626feabd9,0.24828357
b04a2bf07fcab989,0.55054131
b06e98dd5a8e2c85,0.36500648
b072ab40171bd05f,0.21104357
b080f1c7757edd70,0.30314886
b092222d64bf3498,0.52000876
b09d8a698ac41741,0.16644771
b0b5e09900f038ea,0.67090535
b0c770c174435bbc,0.65654887
b0dc1f5b1f00907c,0.56227115
b0e2a3bfc74867c6,0.26881831
b0eda7af0e1f867c,0.18547516
b117dd7d6de1a99d,0.31383296
b139c53d541d355c,0.29382061
b156cd074c1858c2,0.58319727
b15d26f82035050f,0.22712933
b1752bde8a1a85be,0.75543648
b1918e7c2f9701af,0.72453674
b19e14522bbf5745,0.34038735
b1c989d35acba9e2,0.41289942
b1ce40fb3fc14a05,0.59879918
b1f6fc61b8a93fd2,0.82870301
b208b9d5899d45ca,0.38924277
b222cfae30d21037,0.50588143
b251982260d13a15,0.58325009
b2519e67bc20f220,0.75708869
b27e8b6d6e66528d,0.38880323
b285bdeadd9a4b81,0.61559272
b29f3fe4073dc83a,0.26021741
b2dae57156fe31b6,0.50540966
b2e59a9847c37c83,0.44076738
b2ea67715003d979,0.47395461
b2f9f4432c594115,0.17711523
b30b78f3deadd161,0.73806185
b36103507d690cd6,0.50155771
b364d7b049b89fe2,0.74763350
b3b3d8f58f32383f,0.25067485
b3bb619087816433,0.22491137
b3bec076c960cbc4,0.23704097
b3c070e36e8f5b79,0.54540065
b3d48d54a81fab95,0.18843236
b3fbad322453d51e,0.35271558
b4004445e77aa486,0.29370424
b404b8bc78067e1e,0.56159579
b40b35d134874f88,0.61042590
b44774e77c1b1b4c,0.45446515
b44d58235dc92494,0.28338807
b4c00f70ee827588,0.47740109
b4c997b0b6de970f,0.39560067
b50a81a2d5d7bdbd,0.69652573
b50f0a02e14d2e99,0.63243449
b52bae6750cde071,0.69879393
b53422db98d81a99,0.72188502
b569d3116466c7a0,0.18880645
b56f01b057f381a4,0.65976655
b5a211e6edd9b51e,0.37440632
b63ffca215340d6c,0.53932424
b6405f452948155f,0.34616673
b651ea9c9a23e1cf,0.68833054
b65551b179398a99,0.73974536
b67e8c37b9705e21,0.46298097
b702859c90ffbe9c,0.73893269
b72d3e4f9eb4b8b7,0.47108708
b759335292f7b6fa,0.32744018
b75d4adf8a29f2fe,0.22014663
b78b1605c3650fc5,0.16337213
b79e3dd161ecfba7,0.25842785
b7d5a6fe7c0e3a91,0.41631561
b7dbde79f7683ab5,0.43443016
b7e8dd36adcde8ca,0.29056325
b803e4524cdaa3d0,0.20573372
b824b0d1a667a424,0.54355752
b82f8c1a36822c74,0.64154925
b84c1838bc3a451e,0.82692463
b84f5ffef09f798f,0.77253829
b8784ce9ff96f682,0.31276577
b8a5dcac156524e3,0.58463231
b8b9f26d8f2b78e3,0.62890318
b93a15d6d07d99f6,0.33492525
b93b04497f634201,0.57144063
b93ea26e015553d6,0.80259594
b94d5f9216ee9d65,0.22772019
b98e1f69dad9d5cd,0.70968048
b9ab9eec86ebbc39,0.27133788
b9ac49ff51dd381a,0.55274828
b9f5c243681dc8e6,0.82007098
b9fe2080c4190ee7,0.37598576
ba11346214bc607c,0.52655493
ba12296d15e971d1,0.47999900
ba620bb05c872188,0.76912342
ba8b7054cfcbea48,0.82829103
ba99906445702ca5,0.53365483
ba9e869cdcde8a30,0.33668250
bad81f0d5813e233,0.76975539
bb00d54e10aec123,0.30964992
bb078789cfd794f5,0.39288167
bb1c39529b515702,0.48577651
bb38b287192479c8,0.53307676
bb650d22706a4d2e,0.62044174
bb8bb512c65f7b79,0.40660730
bbe0a0832a8ac5b4,0.81210073
bbe8c680f92be8b4,0.66415328
bbf0f285e347344f,0.70288038
bc44708c028442ed,0.21892843
bc4ad3d1ed4b3b2e,0.69983295
bc579212a9420b5f,0.34562514
bc5ee6ba6db79301,0.57530992
bc83bbc96cb68e20,0.17669944
bc8e35333e9f064b,0.73314082
bc92897d4f606d54,0.62420657
bca1f03cdf3f54ce,0.50972992
bca2c179c03cdf0c,0.75001663
bcccc6b2f2213684,0.25036284
bcd429e8f3fe9475,0.62539246
bcdd4d09262d26ff,0.22442150
bd1f6c300c1a3eb1,0.45957896
bd22724eaca1f28d,0.46835216
bd24c0ccbb5c79bd,0.37591970
bd2f269c092b768c,0.29632095
bd77722c1a30082d,0.69392027
bd9638c2b7632089,0.46256129
bdb62746c167f2f4,0.81551498
bde9c1dd11c377fd,0.68746157
be2e21cc10d66b8a,0.35181273
be30347ac4e53624,0.49820297
be3c2483a5662360,0.20815974
be570b605a53603b,0.53024822
be78d46976b3d36f,0.57494005
bedf7cf6abcd7ee5,0.72415529
befb9ca95fc2f7cc,0.84486101
bf0bfcedc6ccb768,0.48143467
bf79e54739aa4b45,0.78328098
bf8e8dda57bd536a,0.58881080
bf954ef772bee640,0.83423848
bfa85f620267411e,0.79161682
bfb28ba3160f6fd0,0.76039859
bfb5f9c0470f08db,0.59780080
c018836c9053f5bf,0.16729656
c02650511c413504,0.81265947
c05d26faae050421,0.53449342
c07ac6a8571ba4a0,0.55791121
c07d3ca73d560416,0.16325720
c08973269097e1c7,0.58615840
c09a0fbc55d2b267,0.49779284
c0e8880c50b5fc76,0.22017274
c11957a48e5d8b51,0.34857431
c147ed732db11d1d,0.29513226
c16960ac57aef2f8,0.49776993
c18df80d8cb25779,0.21780788
c1b8ebf8d971ef8a,0.44412288
c1ce46941a82ca56,0.67144905
c1e3d5e270630921,0.73919179
c1f3053edbd085a6,0.63250032
c20798b180ff5c0d,0.54279751
c2260305976dc2c6,0.38482109
c236cb12c1d792b5,0.27926402
c23901976649436e,0.49819961
c23953b7283c031b,0.18350455
c243d5f8b24bed5b,0.64634119
c26dd7167368fb7a,0.84241263
c276d7b2bd0a7fe4,0.28480192
c286e272cb48d8f4,0.15409349
c288bbe3ba2b22a6,0.60417161
c28b301b4bc25e85,0.41692641
c31ad75df0562bb2,0.19840766
c33df8a9d941ea8e,0.79598511
c37d566abeec8155,0.59146237
c390060f4e790dfb,0.33046280
c39ee7dc25548edf,0.47021986
c3e9338a56677f78,0.50460591
c409ba28982bad67,0.52825267
c41ef33ddd6d42cf,0.43443966
c420c500af042d96,0.26171878
c45b224ad7e45629,0.23648705
c45cf8f645b01661,0.25755449
c4c7bfa2cbe2e11e,0.56939084
c4e18172b0b76e59,0.71551924
c4e2341758f42a79,0.20166912
c542cb919606e501,0.78453608
c54a75f97e09362f,0.53247862
c56818b2c106844a,0.32175592
c575d5bef09e5555,0.58018079
c57b5eab29a0535e,0.74005842
c57f031344c6f01a,0.15500145
c5bbffe2d85d7230,0.20509755
c5bd9202e2223c5a,0.50454800
c5d11f9cbf588781,0.29101944
c61dd7752c64a99a,0.34177350
c632ee7ba87554e1,0.31027124
c6602b15b2b85af5,0.32814371
c67bf14b06830fef,0.50065792
c68c0a9e58c8b9d4,0.81632155
c69ce39d0923bb71,0.60120301
c6b1f2c9b0866569,0.39125658
c6bdf069b1a02c84,0.42063175
c6edd985efe974d4,0.21815900
c6f206af7f503073,0.53488436
c6f45e7422cbc2a7,0.48108093
c70c8e1501fd234b,0.77345906
c72410b2dfde0a7e,0.76471428
c732afbc7f98e7dd,0.31496647
c732be7eab5ad388,0.64864793
c7332234d5d0f0ac,0.55699020
c7f8ade468ce00ad,0.78981287
c80cba838aaf8fc8,0.68974495
c814f50fcd2708ba,0.39942218
c817d7340756beb8,0.42014349
c821a3d7b57f83d4,0.23893708
c833f707002e6ba3,0.38333828
c8527e25c21c4259,0.74760878
c85cdbc77c58d002,0.48002538
c85e50a836aefcab,0.70132436
c8dbf4d998e7189e,0.55177288
c8f2540c3c99c38b,0.56042299
c908bdac6e9cf2f3,0.77516006
c90c77e4d8675300,0.48771112
c9501b07208b67aa,0.79252952
c98d615d8287dd1c,0.18272472
c998c79b3d5c1796,0.26241287
c9a2a37cc65806b6,0.68568133
c9dc44c2fd2fdfaf,0.52401368
c9e69ec3c53841f3,0.70746127
ca2b49c3914fb687,0.17946156
ca46079fe2106eac,0.65749357
ca4f540733212f94,0.76433627
ca528719a761b388,0.45465783
ca53ba3e3e65477c,0.58296099
ca8f1def162ff2bc,0.46015594
ca99555452c91d1c,0.50386026
cab9f1a900102e3b,0.48776706
caf7374c3379db2f,0.49520687
cafc8e859413c6dd,0.16492250
cb068c889cfb0bd0,0.22312797
cb1d4dd8a66112b2,0.74640480
cb2a8467e0f165c7,0.44109575
cb340b025515a14e,0.49292516
cb91278c85cfbdb2,0.20993582
cb9fa6ed5913974a,0.68081264
cbe4ba2ad54b64c2,0.42820696
cbf54c7c6211aca1,0.70325848
cc025adb021e773c,0.80155013
cc380a310dedd73d,0.81688253
cc3ebf916d61389a,0.53808221
cc5c65a686d7a5a7,0.47642230
cc5d7d0f1c02b286,0.53807343
cc9374052020e371,0.79981720
ccb464f382c9b25d,0.83419986
cd1f0f21e15e60dc,0.34934469
cd34cb1f8d2ec5e2,0.51823817
cd3588272c173b47,0.50460017
cd9c630c779c9639,0.47939813
cdb681dad731a1de,0.49735874
cdce92d3e31dde8b,0.17018988
cdcfc895ed809d2e,0.34748509
cdd68a837e2904b3,0.73288888
cdd9aa88931b73b1,0.28084824
cdfc537af52b1aa1,0.81504586
cdfdfc5de79c11cc,0.21564756
ce1dcd47d81a248f,0.69191145
ce239cdfcb02be76,0.44495018
ce5ac53779b8204b,0.39689594
ce62fb790c73f7c1,0.74210893
ce70dda38b939439,0.43627277
ce82df5e4ddc73ce,0.31466468
ce96785a75ade545,0.59603113
ce9a7ec8167d477c,0.37324785
ceb53f00b1569d1b,0.36723539
cecd47de1af24df0,0.52517677
cee2e51de1c59723,0.48480676
ceffe6fb3b9d5665,0.38418577
cf0abb3e36360b65,0.21433419
cf10461926c7535c,0.15293384
cf15a69829747080,0.70483554
cf323107ddecf1eb,0.53926046
cf5d3b9cbb63cdde,0.78158644
cf7b0c7376af1712,0.34481505
cfe53925a0899ae2,0.63188308
d050f0bd1d20c12a,0.69726557
d05c443d2b2b2801,0.33600670
d061306ca632f3ba,0.71242496
d083d5a269df08b8,0.48807810
d0bd2837a40f0112,0.75285250
d0bdfe5fde07859b,0.67017636
d0c59c31d5e25d24,0.26197605
d0d212bd3c271040,0.65897837
d125e8f37afaffb4,0.40664396
d159cd344f95561b,0.67313099
d16ce02a510f91d0,0.61471434
d172cd6dfe768151,0.22832504
d19aed703df8913e,0.75575946
d1d3651c7563f1e2,0.18807814
d1d9d01be580468d,0.55165584
d1f9013a70fcf7a4,0.22104247
d204368190b1fa4e,0.22768846
d208a1d78c6e5fdb,0.15768420
d20ce0978f235ab4,0.45233951
d21fd40640c928e9,0.36464708
d2291ea1a63df7f5,0.52049844
d24c3a784a08b616,0.39385974
d265facd031e62fe,0.16286859
d2ab81c378f3ca36,0.18044899
d31dddc6a492b3ca,0.79793918
d35120c4aa92dd31,0.20110592
d351aacf23997d17,0.39339476
d353958edc9ddd1b,0.65234545
d35ae1a8027816c2,0.78996124
d433e7aafbd2da2b,0.41894129
d43df33752c97496,0.54970933
d446c8350745827e,0.18301201
d489e1a72e9b0d00,0.31849219
d4904571857e53cf,0.41161051
d4e524269cfa708f,0.83973623
d52d39b2e4727cf9,0.44280146
d5451e4957725882,0.29681725
d54ade0574a8b4fa,0.24518082
d54d9980ed6c2ab8,0.49284757
d56e42125f44507a,0.63648599
d575ab6024ac22c3,0.72752929
d57c203852b02a48,0.67354697
d58c189a6ae69380,0.56672109
d5abda7500713532,0.68752661
d5de08515de6b3b3,0.78590419
d5ec04ac3bffeb46,0.45911971
d5f324988e9811d0,0.50333925
d62b2f8ce0fd0fec,0.81495016
d633dc862679cce3,0.27284036
d63a41f139d90976,0.33638928
d6815bf7b054f68a,0.59828329
d6a066da10c6241b,0.37714973
d6aacfdaf007afad,0.24436232
d6afd397635f00df,0.60000130
d6e20c173f714841,0.57000693
d711383428da745e,0.33246330
d72070293fba1adb,0.68481145
d72455d9599c6b28,0.34906988
d73b76bfbaa6e105,0.37482373
d7413c885a9217cc,0.53620546
d7480619604615ce,0.25846534
d78f58bb5418d271,0.58914573
d79ab7818251a77c,0.69577348
d7b1de503d4aeaa0,0.66111862
d7da190eee370796,0.65979340
d812f6d713e19970,0.61424353
d81385df12f42f5f,0.84973388
d83fc6f7905b7d97,0.24490834
d8a6b536c81464fc,0.59338155
d8b3b09f5ec722fc,0.82245789
d8bb2abd317adacb,0.21353212
d90e9638e22202a6,0.77218762
d92656050d68281c,0.72684897
d951552419b4355f,0.84287715
d97825be694c8c01,0.43846323
d981c4a233a41d3d,0.43331784
d992bf0ccafb78f0,0.51095236
d9a27a26b77270c1,0.22137913
d9d1497a8153f340,0.56993379
d9f7d56ed5f236f5,0.47073983
da574e131d6a5a03,0.40908292
da9afccb2a79ae47,0.28853123
daf2542db6ae91ab,0.51381107
dafef6b4c1d62647,0.78384221
daff9ace47dc652a,0.35617154
db0037caae5cabe1,0.30126865
db10ffe7ad8204f0,0.74927630
db16c117ff292cc8,0.38052751
db529de996248c95,0.83520727
db7420904de10403,0.16283729
dba19414f98c908c,0.31180600
dbaea47d1d537463,0.69276601
dbb6f4c09e0e93f7,0.42085062
dbba0b5f64fbd7b4,0.57011939
dbbaf4f84872a2c0,0.62499306
dc189db6c8bcda4e,0.70806602
dc45f77719aaee4d,0.19656100
dca85c7b648c0018,0.61711739
dcafbcb0e87ae58d,0.30094818
dcbc0a47917d7ad5,0.64935251
dd0210112c0f54ff,0.43464327
dd26cab6db815253,0.43234538
dd323466e36d7496,0.23397899
dd45e41789f1c675,0.24648568
dd60457ef1400c7e,0.19082006
dd7919b5c88af988,0.20613800
dda0b82bb99b27c5,0.48357627
dda290c224165f07,0.18872319
ddd24e73516a9f5e,0.20444794
de163152687c7f26,0.22949676
de25bfc9e95fbecc,0.28097499
de264b8b244bd7f8,0.66017686
de27dcb850f2e1db,0.38047281
de545127e917ebeb,0.64991502
de94f18d8002b66d,0.55651866
ded83f0347398fdd,0.58741470
dee560bff5977fa1,0.23240959
def9bf21bd87b797,0.35194863
defc189479545855,0.76653356
df026a71a2ac6a42,0.41820605
df0d48d17e02c855,0.83286877
df14006a018fbab9,0.19004254
df1aa6c567cccbc1,0.23014218
df2970ac8e767cba,0.43673602
df321157340edc1a,0.22505266
df426156920f4f06,0.49457203
df6088d3bc4d427f,0.62331938
df7526c0e5699710,0.83897137
dfc83a21960371a2,0.72490426
dfccdb1275798c91,0.44917806
dfeb9a42594ca127,0.20110553
dff058cf9916b077,0.73115482
dff82bf8d7aa6607,0.31963212
e0019b269dbdfd26,0.15130605
e0227b8ae3a792be,0.21351360
e03e77606b18ed1d,0.24235564
e05224c3aa7c530b,0.63901064
e08b539c548cbb6e,0.67725468
e0cff7fce9a4d4fc,0.58872756
e0f5377279bb2b91,0.49886197
e0f617a83a155f33,0.63024531
e1166d28bfb9e3c0,0.15281017
e12adf49f4a9b697,0.70611993
e133fcf29a562359,0.55175229
e14b7832bbe6e250,0.20770366
e181922c2d53ec2c,0.77916388
e187aac5b8b943df,0.37877642
e1b93aaeb0690ffc,0.50350174
e1e015505543127c,0.76587353
e1ff8adda159427b,0.17510294
e230d716ce86a87b,0.52799640
e247048507c2345f,0.43294152
e25c9fcd027c0256,0.25043693
e26176932f942c95,0.40744456
e2ce910cde83d4cc,0.68923113
e2d163c87a25ad71,0.83195755
e2d39fd4cb3e2afd,0.22702898
e2da0063e6fbef6f,0.77185036
e2e0341751f76857,0.43931010
e32dfdcd0d3b70b6,0.40059759
e3347abffbc9245a,0.80757151
e3618ee60ce02f11,0.17769892
e367677530a824fb,0.79677512
e40003ce16dc051a,0.70678324
e43fe257a7c718b0,0.59035590
e449d359db72f3aa,0.45388573
e4651057c2f1cd38,0.45238395
e46ec78a11b559dc,0.42353610
e48239b68adb7afa,0.84427494
e4df4d64f516afdd,0.31328137
e52e7abcd45dffb1,0.77944533
e55b9d4f5f000465,0.57179408
e56af6f3f745fb4a,0.56739772
e57b1b52298d3892,0.53981458
e589de13383e4eaa,0.72671585
e58ab98b525821a1,0.20606069
e593df6cc8f04fcf,0.26520317
e59cb558ad3bb2c9,0.40670728
e5a70145697fae12,0.28874420
e5e3f6964b2d9a0d,0.78006491
e5fd95c05cb1a91a,0.59171279
e607cd38ae8bc6f2,0.54380681
e65fd2ec06394889,0.84787490
e663d2c4b6acc522,0.31985400
e678b093481a134e,0.36478837
e69f13f2ae61e878,0.29088400
e6af5c52afc667db,0.38441878
e71797a44c09fbb1,0.83003982
e7181ac381f3986c,0.70219809
e720c89cfd663cf8,0.65325322
e755567d5668b1f9,0.69481819
e776095a001a1da6,0.42136281
e7b6dc20a26ff284,0.37685728
e7d2f0f73ec9598a,0.70541394
e7d75d40af0e8b23,0.45999321
e7ded4c043eb64dd,0.36767320
e7e864b4c66d25a1,0.30292822
e7fada48c1353015,0.22579085
e804b0beb71d8127,0.83132069
e80a5c7cb90bba39,0.47852859
e81d4a750fa8e753,0.49953678
e82fcf75cda61f39,0.77527171
e83f1b548cb25d1a,0.71859613
e8719af50555e52c,0.36044617
e87617f441b1caf2,0.27855530
e88e5c01d9d4f253,0.68607324
e89829d6f2eeae6a,0.25466190
e8a84d5c95f6e41f,0.54235447
e8afb0213a4c50c8,0.47942859
e8c69d35bc4bcac3,0.22680035
e8ccb061d07a3f5c,0.37591270
e8ec6762b3d5f061,0.45584324
e8f1b0ea7efaa312,0.60100557
e91119a3c4b75326,0.16239601
e933855780e6b111,0.60385131
e9909fa68d2a702f,0.68524708
e9948cc61e925c20,0.71097547
e995236da497727f,0.27177614
e9963f1c85a71975,0.81273800
e9a8fcd52e74f768,0.82223508
e9b134352dc20d74,0.79667916
e9ef480d1a8eae88,0.71321597
ea045e521d7e97e5,0.66291630
ea09ea959120fffe,0.40629000
ea0b6447d8505017,0.66194413
ea1731844ac9723c,0.38127870
ea3b85ff76835a00,0.54659513
ea4b12e9b056746a,0.57604866
ea65a2821b5bf46d,0.64882291
eab09c752acdcdbd,0.35213173
eac9050e4533d65a,0.72505525
eaca9f0b4d9584e5,0.67668040
ead873f52d40f7d5,0.75049927
eb2949372594c802,0.20115430
eb5c075cb4316158,0.78540714
eb676741602a0078,0.60615723
eb7b791b5b9bd180,0.29214120
eb8a7e1415767c2c,0.40861492
ebccf1c58cffd5b9,0.39145662
ebe3ae2f0f9ac716,0.71048416
ebf0e526fdcac9f3,0.30291668
ebffed24b721667e,0.62887999
ec17cce3b00dcd28,0.58208775
ec28223ff5dfc38e,0.63734791
ec2b84b8f6a0f856,0.35260359
ec54b201a5cb8718,0.35321625
ec9638a945692f90,0.77498805
ecaaaa2bf69feb0c,0.71362967
ed56b20df01ac7ee,0.28772709
ed75fd048a5af993,0.54785390
ed9d5cdd294f05b4,0.16480588
ed9d671da12b31e5,0.38611142
edafa778c3fda869,0.20741671
edb9ed4a74014812,0.43484011
edbcf3d6a12856d7,0.76985267
ede142d4f85d8c94,0.33845615
ee07c9541dec36ac,0.45843725
ee662cba4ee55890,0.16856379
ee7597cab29e2fe2,0.24106270
ee7675e12ee04cd6,0.45946604
ee7ef7f1c063935a,0.16473640
ee995e94db96368c,0.38321474
eea27a21803188f0,0.53414356
eea929498b67b340,0.51896629
eeb67be2818a7a15,0.47165916
eef69c78232dfabb,0.66709698
ef2d019d0c4b80cb,0.56099532
ef31c966c586003a,0.73692626
efbd1df97cef287c,0.57462864
efd24223ae791a1e,0.72675194
f003256f61ebdbbf,0.39152509
f00b98cf1b407d76,0.51282462
f042f7ff20dc663b,0.84019935
f05368d7da254e1f,0.41339237
f067ed87c94edb3f,0.28935764
f0978f6d06ee7739,0.47557631
f09f9d94a5775f4f,0.15550363
f0a187020d938c28,0.42939209
f0dfda6086e22678,0.16243337
f101bad5de60deb8,0.33927849
f135c3e32c826345,0.30303005
f136570b00ab224e,0.36403523
f153eaab27941168,0.76827089
f1890420f60ff856,0.42852285
f1948c3e5a8a782c,0.58041339
f1d9cd0b3c95694d,0.27123797
f201fafea2992a27,0.33391149
f2fc143c594a5432,0.46651261
f30d1fa5c5c7d4b9,0.82666813
f31261b59f281933,0.19105372
f325ec7074bdc589,0.39838712
f348021abbf26ee0,0.42878653
f352e77f8c9b5b4f,0.62225140
f354040dcc8851b1,0.41677954
f371468e38ddc114,0.69715793
f3749585e6ca8887,0.43707793
f38959e01b7dcefe,0.34392375
f39930b6fb9265f4,0.45229662
f3b5bce616ca3ac8,0.42864868
f3c1d7966c60e2bf,0.27300447
f3d3551bd4408396,0.19562384
f3dc12d294871643,0.47246811
f3e6c17bba7f7d42,0.32426782
f4218ac6532e5105,0.48254610
f427b9d58d6a817d,0.48663720
f434089ed4b25790,0.83593521
f4340ccc317c67a8,0.42013828
f44aa22f15ee1e27,0.65757132
f45d3b132a15cf4d,0.81354381
f48b46ac42b13497,0.15729736
f4a49e326164eca0,0.45358413
f4d4ea67c27ac351,0.17469014
f4df9a133f2fb9f2,0.71495668
f4eab18b17db0750,0.65704507
f51945c02ceb6a24,0.31237985
f523cb5400db8fa0,0.48581026
f52b985d7c24fd53,0.34407140
f54837bd8967ebb1,0.50652693
f56fa57801a76f7d,0.45730874
f5a62f5e77aaf2c8,0.55804760
f600debe1179d954,0.39689598
f6369db9b2c4911d,0.39113759
f66d057df8c3b673,0.16238986
f683da782c457667,0.56553871
f693c3fd0434f264,0.57638606
f6e7063d9da89949,0.84584871
f6e9675970b48bc4,0.72446720
f707800a96f06772,0.30963263
f76624bc31de4d89,0.56710736
f792a067b9913d84,0.42828023
f79e7ded5c66bb60,0.57159382
f7a91b1144607348,0.65603333
f7b1f7ce0f8ce522,0.54933630
f7c50df9805753d9,0.73722206
f7c7bb9bd01e0b9f,0.20870043
f7d83abcf48ff043,0.83746055
f807aa313bfa7cd3,0.32814694
f809a6fb8e5ffab3,0.75762705
f80f2951ff671d5a,0.25248468
f813f9b7cb617d61,0.30215880
f838413bcde28c3f,0.15520080
f845c302c7a82617,0.80785542
f85e4d19b38c9fc9,0.80893105
f85f138ecdf1293d,0.16010030
f8816237b97c91c0,0.19082332
f89e73a6123ab829,0.67646044
f91d37cf546ea1da,0.80140674
f9312779935025f0,0.63738061
f96a682624d3db7e,0.21570773
f99f5ddd1123bdf8,0.53095826
f9f0c7be5aeb843f,0.82573324
f9fee5a7c0b2ca66,0.63662306
fa1053587950c0c8,0.27176091
fa2576a8942c7e88,0.55421510
fa30779b63788825,0.43410794
fa3c811d819330dd,0.61767899
fa68ad28d15940d0,0.42792126
fa70196c3b5f6a73,0.40324277
faf3ca1ea3d69b6b,0.60734663
fb1d2fa0ed509a3e,0.48609725
fb299d623404d44a,0.39223696
fb6faf0a603e8f54,0.15240249
fb8c37accf8cb000,0.76969162
fb9c3f194700009b,0.56234520
fbae432523dff611,0.54458656
fbcc8dfbeef80d5f,0.59167208
fbd0f6529d0c789a,0.49741992
fbdd71a5e91bf71e,0.17108473
fbf4b67f430ab8a7,0.78360251
fc4b669c79182be6,0.51392195
fc60ceff8068203f,0.73269428
fd25749f4f121631,0.39740285
fd38b262e41cd5fc,0.20533782
fd7fe6e5c0cfe139,0.45523425
fdad52eb117a0b8c,0.82696235
fdbd8962be0dddab,0.36050120
fde4c58ec0f01ab5,0.84514383
fe1869f908f29574,0.55517982
fe401c5c70bafdc8,0.17656456
fe74358c7049800a,0.37429590
fe91433d38e0bbe7,0.40058196
fe963eda616dd29b,0.43060428
feef44ac8e19e899,0.15630234
ff1ededb994651d3,0.80458991
ff232de1cf391dbb,0.24928512
ff5625d1a12a5609,0.26068009
ff68268e81f90c9c,0.39856784
ffa028d516410cbc,0.63325583
ffb6ad87e17834c8,0.68082375
ffb899f06e2bad74,0.80064135
ffe31b61d02f1221,0.46233021
ffe5f64c16f67d67,0.38616950
